SITE,HOLE,CORE,CORE_TYPE,SECTION,TOP_DEPTH,BOTTOM_DEPTH,Max (Diameter) (µm),Elongation,Age (Ma),Min (Diameter) (µm),Shape Factor,Sphericity
925,B,3,H,1,115,116,648.9424021,1.437448043,0.434964029,142.4483673,0.813617612,0.664793167
925,B,3,H,2,54,56,573.5567167,1.438403824,0.458446043,134.9830162,0.826044508,0.696707721
925,B,3,H,2,94,96,645.1886757,1.412250493,0.469669065,162.7583974,0.831385498,0.723345166
925,B,3,H,2,121,123,511.9341432,1.480689592,0.477352941,132.3851243,0.809737692,0.690826363
925,B,3,H,2,125,127,587.7012332,1.454151837,0.478529412,135.8205611,0.812144036,0.691024952
925,B,3,H,2,128,130,530.0541517,1.438561229,0.479411765,147.2449273,0.816431976,0.679708895
925,B,3,H,2,142,144,530.6819773,1.421527557,0.483529412,140.5169495,0.789447797,0.666446631
925,B,3,H,2,144,146,484.5191777,1.412286488,0.484117647,152.8775405,0.818061007,0.682961551
925,B,3,H,3,17,19,529.8672016,1.410290646,0.492126437,145.0721074,0.78550028,0.678101825
925,B,3,H,3,27,29,509.2989257,1.409903128,0.495689655,144.5048569,0.808094228,0.672289813
925,B,3,H,3,34,36,439.7292151,1.411018515,0.498183908,135.8205611,0.802805624,0.672608675
925,B,3,H,3,44,46,461.3186749,1.400430481,0.501747126,143.3892275,0.787163276,0.672352529
925,B,3,H,3,52,54,481.0324283,1.409115692,0.504597701,135.4570525,0.793142482,0.678386426
925,B,3,H,3,60,62,516.5522618,1.437447501,0.507448276,136.8140609,0.801242307,0.668853806
925,B,3,H,3,76,78,509.7556296,1.416831471,0.513149425,151.9967742,0.806397745,0.675251437
925,B,3,H,3,89,91,495.3544533,1.412549802,0.517315789,139.3500906,0.778398956,0.673458223
925,B,3,H,3,104,106,463.6263818,1.414183422,0.521263158,134.2237902,0.807556574,0.676828886
925,B,10,H,1,68,70,466.1023357,1.343423089,2.719327273,158.2235281,0.807810369,0.697309013
925,B,10,H,1,120,122,504.3649878,1.363771487,2.734454545,154.3876818,0.797175932,0.689038101
925,B,10,H,2,20,22,497.3593939,1.371474541,2.749,154.3126915,0.789044374,0.6784703
925,B,10,H,2,69,71,470.0536041,1.355147627,2.763254545,155.3825993,0.805328588,0.693094132
925,B,10,H,2,103,105,469.3027276,1.353523715,2.775181818,151.6202941,0.793412823,0.694725589
925,B,10,H,2,133,135,435.8663209,1.359827536,2.785958333,152.0144332,0.810982259,0.69290235
925,B,10,H,3,24,26,476.2502459,1.335475013,2.799055556,154.4281399,0.807929808,0.701310919
925,B,10,H,3,59,61,478.9778511,1.345215111,2.810847458,153.2870997,0.813434792,0.700857444
925,B,10,H,3,95,97,474.1504869,1.354204578,2.825491525,155.167687,0.811449708,0.6904377
925,B,10,H,3,145,147,481.4447151,1.352957636,2.8405,154.7598446,0.809757983,0.695302904
925,B,10,H,4,45,47,440.1017875,1.339471806,2.853,152.6036903,0.81777935,0.707109222
925,B,10,H,4,94,96,429.9647504,1.356820094,2.869333333,147.1421962,0.786892169,0.69021684
925,B,10,H,4,142,144,411.4468451,1.343381927,2.88426087,152.209086,0.814214911,0.703173444
925,B,11,H,2,67,69,473.4223708,1.343982015,3.176,152.7859563,0.810641695,0.712493048
925,B,11,H,2,120,122,525.94876,1.35240019,3.194454545,160.8508,0.811317311,0.706501973
925,B,11,H,3,39,41,491.5191115,1.353811646,3.219545455,158.1977079,0.810463009,0.696314138
925,B,11,H,3,71,73,482.0476925,1.34993818,3.229689655,155.42493,0.816182471,0.704662308
925,B,11,H,3,112,114,479.114849,1.347709302,3.241417582,154.4451975,0.814118402,0.704968354
925,B,11,H,4,31,33,478.9376816,1.353670152,3.256582418,153.4525508,0.807011161,0.708313545
925,B,11,H,4,116,118,522.1241454,1.334919797,3.279181818,160.0694997,1.804383188,1.714387039
925,B,11,H,4,142,144,495.4149394,1.345957842,3.286432836,155.4031809,0.809135951,0.709466713
925,B,11,H,5,23,25,474.2517366,1.342772187,3.299850746,151.2416344,0.808740221,0.706775699
925,B,11,H,5,51,53,465.5235769,1.332893307,3.311970149,153.8838242,0.807408418,0.713962662
925,B,11,H,5,83,85,478.7318721,1.342567021,3.322142857,154.0638995,0.804109033,0.715487333
925,B,11,H,5,112,114,442.9327728,1.330838745,3.331514286,160.4357604,0.808819815,0.71860283
925,C,1,H,1,43,44,606.8576311,1.428030621,0.010530612,149.7413974,0.793613204,0.665639253
925,C,1,H,1,62,63,498.2520466,1.416504314,0.015183673,129.9721502,0.751870001,0.674349242
925,C,1,H,1,68,70,488.04577,1.424112145,0.016653061,134.9820293,0.763546507,0.682177541
925,C,1,H,1,88,89,588.6639535,1.427129028,0.02155102,140.1168352,0.777788354,0.665537092
925,C,1,H,1,103,104,579.5687301,1.415145872,0.025105263,148.2516546,0.785677962,0.671305303
925,C,1,H,1,108,109,510.0923345,1.42199086,0.026210526,131.9301719,0.767609557,0.665860184
925,C,1,H,1,133,135,557.8554284,1.414125815,0.031736842,140.6729813,0.768651862,0.664260038
925,C,1,H,1,138,140,567.5291934,1.424902556,0.032842105,130.1610175,0.76804527,0.65754108
925,C,1,H,2,6,8,658.7890723,1.439458703,0.036821053,157.9287365,0.793098639,0.66320529
925,C,1,H,2,19,21,577.892494,1.476243803,0.039694737,117.541824,0.781034185,0.657530605
925,C,1,H,2,29,31,553.8829075,1.431358184,0.041905263,131.6163262,0.757517807,0.664092044
925,C,1,H,2,39,40,587.0392155,1.432593018,0.044115789,158.9608082,0.79706271,0.675271577
925,C,1,H,2,53,55,574.3901625,1.447255507,0.047300885,119.3495543,0.782370126,0.663026302
925,C,1,H,2,69,71,621.924639,1.429319446,0.050982301,159.7609326,0.810315883,0.685280261
925,C,1,H,2,83,85,507.3504224,1.416386672,0.05420354,132.598359,0.753007759,0.66542195
925,C,1,H,2,98,100,547.3989961,1.463342887,0.057654867,125.8372192,0.793828734,0.651806203
925,C,1,H,2,110,112,511.8992955,1.423005933,0.060415929,134.0687644,0.786113591,0.699934051
925,C,1,H,2,129,130,463.6303503,1.486154161,0.064787611,132.7801048,0.796263111,0.687151416
925,C,1,H,2,143,145,549.6407514,1.465310642,0.06800885,130.3059965,0.792615212,0.661620991
925,C,1,H,3,5,7,534.1465909,1.467161502,0.070769912,120.4714329,0.788944657,0.658754259
925,C,1,H,3,23,25,516.8312144,1.454670814,0.077859649,119.978337,0.771336237,0.651404721
925,C,1,H,3,38,40,548.1152809,1.442280632,0.083912281,123.8215576,0.795617267,0.669789164
925,C,1,H,3,54,56,541.9141933,1.452233753,0.090368421,123.6862371,0.779702041,0.668697715
925,C,1,H,3,68,69,629.0015468,1.43877125,0.09525,147.0404681,0.775498808,0.657448733
925,C,1,H,3,79,81,606.0870121,1.429725024,0.098,150.40387,0.796507206,0.655054113
925,C,1,H,3,93,95,545.6739125,1.431251827,0.1015,140.3989723,0.76633484,0.654752051
925,C,1,H,3,105,107,517.4009257,1.423196693,0.1045,130.4243894,0.787985275,0.665063317
925,C,1,H,3,119,120,648.5342962,1.414270041,0.108333333,160.3391767,0.799498246,0.670207703
925,C,1,H,3,125,127,650.7402206,1.447830896,0.11,143.1179751,0.791349441,0.652811481
925,C,1,H,3,133,135,575.5579623,1.436743834,0.112222222,138.607488,0.776019986,0.671571786
925,C,1,H,3,143,145,569.3706632,1.457896634,0.115,132.9643502,0.775076883,0.660976425
925,C,1,H,4,2,4,592.8072458,1.446702718,0.117842105,134.0871905,0.767130752,0.653055648
925,C,1,H,4,23,25,598.6783238,1.428517996,0.124473684,124.6902932,0.772581096,0.655971398
925,C,1,H,4,29,31,609.2931673,1.397708078,0.126368421,154.2445104,1.223419277,1.087413149
925,C,2,H,1,98,100,602.0844838,1.421736393,0.25155,148.3701989,0.777806824,0.661338431
925,C,2,H,1,114,116,585.9576137,1.407606224,0.255258621,154.0531708,0.819192623,0.681370527
925,C,2,H,1,128,130,523.6772571,1.42986999,0.258517241,125.0547861,0.773328541,0.66228242
925,C,2,H,1,133,135,511.4414756,1.412751584,0.259681034,116.8873957,0.772054881,0.66115482
925,C,2,H,2,4,6,557.1078007,1.411284178,0.264568966,138.5681085,0.75927701,0.656619866
925,C,2,H,2,18,20,490.9046153,1.435459892,0.267827586,116.4222962,0.785712647,0.667038777
925,C,2,H,2,34,36,548.4730444,1.442823244,0.271551724,145.2491597,0.797754257,0.700183105
925,C,2,H,2,47,49,568.6161863,1.448100272,0.274577586,123.327319,0.783823956,0.669766073
925,C,2,H,2,63,64,504.9483908,1.49119873,0.278301724,123.4589284,0.803333237,0.693766907
925,C,2,H,2,75,77,600.2093559,1.4203269,0.281226804,142.8334979,0.786556364,0.666694601
925,C,2,H,2,93,95,526.1035571,1.424728593,0.285680412,130.0445803,0.769023139,0.658632545
925,C,2,H,2,109,110,535.8277335,1.414869166,0.289639175,129.6467784,0.779718544,0.662879742
925,C,2,H,2,123,125,586.2449711,1.424032559,0.293103093,160.4260151,0.811622418,0.688341807
925,C,2,H,2,134,136,612.7174176,1.448373168,0.295824742,156.4935735,0.81786532,0.681935808
925,C,2,H,2,142,144,595.5198382,1.423316054,0.297804124,153.2973933,0.793513539,0.701414669
925,C,2,H,3,13,15,643.8069657,1.437338895,0.303,159.3475021,0.812445967,0.684242755
925,C,2,H,3,38,40,533.5392472,1.413509802,0.310142857,128.8442263,0.782083392,0.684200116
925,C,2,H,3,52,54,550.975011,1.406014765,0.314142857,136.0332399,0.781091145,0.683702846
925,C,2,H,3,72,74,590.1619794,1.437068893,0.319857143,167.0142055,0.822877558,0.675850747
925,C,2,H,3,84,86,523.5947313,1.444570488,0.323289474,124.7941726,0.792215971,0.674011325
925,C,2,H,3,97,99,610.8104116,1.442939795,0.327052632,155.4521109,0.809602546,0.675378844
925,C,2,H,3,108,110,718.4372669,1.431197435,0.330236842,158.9412455,0.809103762,0.663838224
925,C,2,H,3,118,120,598.9752466,1.43545028,0.333131579,142.561472,0.774417108,0.656331298
925,C,2,H,3,128,130,546.1895691,1.417165113,0.335555556,142.8218366,0.771938228,0.662997661
925,C,2,H,3,133,135,558.6789389,1.436077647,0.336666667,143.1820828,0.774024983,0.656944097
925,C,2,H,3,137,139,600.0035821,1.437216618,0.337555556,142.6517878,0.779280931,0.668788323
925,C,2,H,3,148,149,551.9084512,1.447487667,0.34,156.8941316,0.82650905,0.697748012
925,C,2,H,4,3,5,536.9163278,1.453138656,0.341111111,155.8837624,0.812524092,0.6965878
925,C,2,H,4,6,8,512.3995912,1.444764302,0.341777778,126.2455715,0.783730631,0.701215631
925,C,2,H,4,8,10,531.094341,1.456216027,0.342222222,130.730198,0.803071769,0.694290515
925,C,2,H,4,16,18,540.8589074,1.452953701,0.344,152.2311664,0.80957998,0.691063475
925,C,2,H,4,18,20,520.1693293,1.443248652,0.344444444,139.9324536,0.781020998,0.677803967
925,C,2,H,4,23,25,489.6878008,1.473079384,0.345555556,133.1019631,0.801587063,0.678155216
925,C,2,H,4,28,30,524.8201642,1.418809374,0.346725581,129.9408316,0.77651369,0.660297546
925,C,2,H,4,33,35,553.0604748,1.435565602,0.347934884,124.6171787,0.797197882,0.665998031
925,C,2,H,4,66,68,558.9878487,1.435721762,0.355916279,131.9868125,0.768567992,0.663413414
925,C,2,H,4,128,130,521.9404474,1.419977018,0.370911628,137.4097488,0.794231041,0.686226462
925,C,2,H,5,38,40,563.1792068,1.396014853,0.385423256,158.615132,1.245533951,1.118046469
925,C,2,H,5,93,95,544.9289597,1.41867793,0.398891892,130.6209527,1.214556505,1.101471425
925,C,2,H,5,106,108,511.6559083,1.42418758,0.402756757,141.7444976,0.785392386,0.687976588
925,C,2,H,5,115,116,559.3942651,1.448041015,0.405432432,163.1743388,0.807726542,0.69247926
925,C,2,H,5,125,126,574.8305905,1.455388352,0.408405405,149.100552,0.799391023,0.663786748
925,C,2,H,5,136,138,589.7994108,1.42000257,0.410285714,155.1627994,0.818843607,0.68060416
925,C,2,H,6,3,4,562.266158,1.384228225,0.412714286,148.9279355,1.476150562,1.359438304
925,C,2,H,6,15,17,601.8682575,1.412809787,0.414428571,162.5648627,0.816338785,0.680564755
925,C,2,H,6,35,36,584.0887199,1.452952982,0.417285714,139.7018119,0.803922242,0.672293222
925,C,2,H,6,43,44,599.5804822,1.446395498,0.418428571,156.065078,0.793966767,0.684557751
925,C,2,H,6,75,76,548.1970514,1.429531182,0.422417266,141.7072334,0.786899472,0.676660797
925,C,2,H,6,83,84,597.3730105,1.421556627,0.423338129,141.7791267,0.81292684,0.691357999
925,C,2,H,6,93,94,527.2648473,1.425292822,0.424489209,137.4789303,0.788589107,0.684271456
925,C,2,H,6,105,106,572.7536524,1.403002184,0.425870504,146.3049177,0.781390689,0.680389783
925,C,2,H,6,113,114,589.4163156,1.416858213,0.426791367,141.2544711,0.781810647,0.67314421
925,C,2,H,6,125,126,553.5786471,1.424619586,0.428172662,137.6593216,0.804015053,0.667176871
925,C,2,H,6,137,138,421.767251,1.433500151,0.429553957,125.6500807,0.811132806,0.679370053
925,C,2,H,7,7,8,473.6493592,1.411141818,0.431856115,158.4691555,0.810938348,0.717069114
925,C,3,H,3,37,38,512.821067,1.429203502,0.527842105,140.5075593,0.798110238,0.667092462
925,C,3,H,3,54,55,525.193168,1.435536441,0.532315789,125.9995885,0.778961833,0.663664543
925,C,3,H,3,74,75,482.5712834,1.354886935,0.537578947,138.0114757,1.80208121,1.692490403
925,C,3,H,3,89,90,466.5643972,1.406610191,0.541526316,148.8157861,0.796773135,0.684860913
925,C,3,H,3,107,108,495.0874225,1.430035478,0.546465116,146.1177423,0.80770853,0.682607449
925,C,3,H,3,117,118,452.4695736,1.351923784,0.551116279,143.1983068,1.814295038,1.705675724
925,C,3,H,3,119,120,521.9607115,1.424580784,0.552046512,155.4106183,0.80834287,0.688087468
925,C,3,H,3,126,127,496.0853308,1.407881277,0.555302326,129.3430063,0.790170866,0.687018002
925,C,3,H,3,134,135,482.095255,1.424363147,0.559023256,137.8130387,0.799191803,0.684588364
925,C,3,H,3,144,145,501.0507592,1.419398071,0.563674419,138.1534124,0.79135163,0.709443823
925,C,3,H,3,146,147,489.1438147,1.434042204,0.564604651,142.9003289,0.789784094,0.715120163
925,C,3,H,4,2,3,528.0154481,1.451843228,0.567125,156.9434349,0.804650828,0.690176971
925,C,3,H,4,9,10,525.3827,1.436796204,0.56975,140.5052747,0.793647873,0.676406379
925,C,3,H,4,17,18,527.1610397,1.443911446,0.57275,147.8153474,0.801034051,0.666841314
925,C,3,H,4,32,33,471.0279072,1.405988433,0.578375,139.2583648,0.778998184,0.675259923
925,C,3,H,4,34,35,482.1391481,1.415881835,0.579125,144.2111464,0.773247787,0.674799757
925,C,3,H,4,46,47,513.4456169,1.408348355,0.583625,160.6208003,0.814467181,0.696382247
925,C,3,H,4,54,55,503.1156021,1.427533236,0.586625,159.8410337,0.821668255,0.698584669
925,C,3,H,4,56,57,534.2617448,1.384839863,0.587375,151.0972182,0.804847327,0.685453749
925,C,3,H,4,71,72,522.5669233,1.424945367,0.592583333,138.7056983,0.809712354,0.676897404
925,C,3,H,4,82,83,561.3248991,1.427729351,0.596135417,150.8062194,0.787035116,0.671444752
925,C,3,H,4,107,108,490.7213171,1.407317633,0.604208333,140.3989723,0.765641596,0.673996337
925,C,3,H,4,122,125,508.4981625,1.452884817,0.609052083,128.1085681,0.79194073,0.66870278
925,C,3,H,5,6,7,545.6032241,1.399452202,0.62003125,159.7900164,0.810243985,0.68603238
925,C,3,H,5,13,15,546.0588055,1.411343443,0.622714286,141.8372724,0.779994028,0.666647464
925,C,3,H,5,16,17,549.8940812,1.407611975,0.624,157.6571373,0.817126644,0.679110963
925,C,3,H,5,24,25,518.4480854,1.395735039,0.627428571,158.9412455,0.804882421,0.688236841
925,C,3,H,5,26,27,454.0940957,1.398956851,0.628285714,135.6339564,0.764414198,0.676147081
925,C,3,H,5,35,36,532.2183021,1.402051755,0.632142857,154.5344267,0.807224492,0.684017386
925,C,3,H,5,37,38,510.5898942,1.409491054,0.633,145.1522073,0.791901885,0.675257008
925,C,3,H,5,107,108,537.5731886,1.37595316,0.655580645,129.0397847,1.536364008,1.420659665
925,C,3,H,6,7,8,559.4060373,1.446334589,0.671709677,143.7582105,0.797361793,0.66566194
925,C,4,H,3,106,108,556.8483182,1.426267763,0.931648649,151.1416571,0.801569869,0.694142414
925,C,4,H,4,4,5,475.524704,1.422469071,0.945918919,140.0515108,0.791235585,0.710152064
925,C,4,H,4,34,35,522.0485222,1.413010158,0.954837838,154.1032734,0.812522646,0.687338333
925,C,4,H,4,66,68,529.426089,1.444904983,0.9665,150.845307,0.805346652,0.678454675
925,C,4,H,4,73,74,542.455646,1.456389475,0.9692,156.7314938,0.810004858,0.689655184
925,C,4,H,4,76,78,502.0574279,1.444177785,0.9698,154.9912913,0.816084009,0.699037779
925,C,4,H,4,92,93,516.5861059,1.415428033,0.973,144.7345616,0.778740606,0.679493648
925,C,4,H,4,106,108,536.8608877,1.399994297,0.9758,161.6805486,0.812093887,0.696938482
925,C,4,H,4,122,123,507.7486573,1.423223289,0.979,150.1625542,0.807091849,0.681227455
925,C,4,H,4,136,138,532.4050759,1.419246322,0.983117647,158.1596983,0.806531446,0.684567321
925,C,4,H,4,144,145,521.7166123,1.447221806,0.985470588,152.378247,0.804460963,0.673678392
925,C,4,H,5,2,3,471.5435715,1.425416829,0.987823529,141.8575834,0.788453701,0.694011664
925,C,4,H,5,12,13,548.0538065,1.446648478,0.9910625,148.9268447,0.772575409,0.667412211
925,C,4,H,5,19,20,520.9150448,1.427728595,0.99346875,156.1884628,0.816261744,0.6856438
925,C,4,H,5,29,30,541.9699692,1.42522049,0.99690625,154.3285224,0.809757386,0.682450149
925,C,4,H,5,36,38,509.7742345,1.42460486,0.9993125,147.1563411,0.790532651,0.680621502
925,C,4,H,5,44,45,479.6279918,1.419690274,1.002,154.8307443,0.821139533,0.690203752
925,C,4,H,5,49,50,488.6978525,1.431099298,1.003666667,134.6208397,0.810046446,0.676338935
925,C,4,H,5,55,57,516.4996648,1.442397705,1.005666667,139.6658842,0.805871545,0.676380821
925,C,4,H,5,65,67,662.190795,1.437047957,1.009,143.6603082,0.782969038,0.67205858
925,C,4,H,5,79,80,532.3828816,1.471613775,1.013744186,148.1794583,0.680012484,1478
925,C,4,H,5,84,85,511.8528138,1.452743375,1.015604651,147.6359734,0.690433384,1356.5
925,C,4,H,5,94,95,491.876697,1.454804806,1.019325581,132.1527206,0.67818096,1082.5
925,C,4,H,5,96,97,524.9935336,1.438565246,1.020069767,144.6107346,0.679807199,1269
925,C,4,H,5,99,100,511.4238094,1.445446929,1.021186047,139.751519,0.790317618,0.674526678
925,C,4,H,5,102,103,470.9074245,1.433339456,1.022302326,128.0655755,0.794446305,0.67874612
925,C,4,H,5,106,107,481.2214675,1.424757511,1.023790698,133.4729135,0.793933126,0.68266629
925,C,4,H,5,108,109,504.1867788,1.463997891,1.024534884,114.3252797,0.80380635,0.674353787
925,C,4,H,5,111,112,457.7185048,1.435091068,1.025651163,126.8110928,0.789853279,0.680425837
925,C,4,H,5,117,118,444.8681026,1.441622316,1.027883721,138.638212,0.686435095,1395
925,C,4,H,5,122,123,507.84879,1.429914909,1.029765217,147.8153474,0.679956671,1134.5
925,C,4,H,5,124,125,433.1071717,1.509457823,1.030530435,116.3221917,0.66649137,1693.5
925,C,4,H,5,128,129,448.7880623,1.513404108,1.03206087,109.3204676,0.659901429,1499.5
925,C,5,H,2,7,8,504.6267971,1.425509425,1.183142857,145.6512626,0.68244439,1155
925,C,5,H,2,20,21,487.6136643,1.412485802,1.186857143,147.3251686,0.697366218,3546
925,C,5,H,2,44,45,521.989447,1.442457337,1.193714286,141.5446777,0.678730368,1836
925,C,5,H,2,54,55,470.59976,1.414736625,1.196571429,143.6799116,0.79456178,0.687821366
925,C,5,H,2,72,73,505.9335937,1.436958618,1.202254545,146.8592971,0.681293755,1496
925,C,5,H,2,77,78,448.8423957,1.44728026,1.203890909,138.7998696,0.683596875,2747.5
925,C,5,H,2,84,85,482.3285703,1.420113199,1.206181818,144.141268,0.81891175,0.694820301
925,C,5,H,2,87,88,434.5990442,1.414441416,1.207163636,137.6734167,0.801194916,0.694228677
925,C,5,H,2,91,92,464.7425497,1.425999874,1.208472727,142.382575,0.698471509,2490.5
925,C,5,H,2,96,97,446.0899739,1.413191651,1.210109091,140.3325005,0.802153332,0.699056787
925,C,5,H,2,99,100,481.7058814,1.429165644,1.211090909,129.7636098,0.807252086,0.694268149
925,C,5,H,2,104,105,444.9074674,1.428801826,1.212727273,142.0705128,0.82155478,0.708810527
925,C,5,H,2,109,110,419.7782745,1.43375789,1.214363636,119.8711153,0.700655391,1402
925,C,5,H,2,119,120,472.1421138,1.450444508,1.217938776,139.3687561,0.698578092,1175
925,C,5,H,2,124,125,484.6252925,1.469407429,1.219877551,150.3298288,0.69378319,2225.5
925,C,5,H,2,145,146,512.7302875,1.414220887,1.228020408,151.2957692,0.687837569,1753
925,C,5,H,3,4,5,479.1398096,1.406965678,1.231510204,142.0378946,0.806712526,0.684304242
925,C,5,H,3,24,25,507.257002,1.42145516,1.239265306,140.4548138,0.795155928,0.681818167
925,C,5,H,3,36,37,513.8771202,1.425586617,1.243918367,144.5765642,0.803687603,0.68153673
925,C,5,H,3,46,47,492.9865385,1.405144515,1.247795918,144.4257638,0.701637882,1766
925,C,5,H,3,64,65,505.9437209,1.428507348,1.254794521,145.0126785,0.820764746,0.696419091
925,C,5,H,3,74,75,502.1852863,1.43265388,1.258767123,145.0065667,0.806614456,0.691743303
925,C,5,H,3,87,88,511.9316394,1.436898132,1.263931507,148.4830689,0.809190089,0.700242654
925,C,5,H,3,103,104,519.2545982,1.463390034,1.270287671,150.8641159,0.681903886,1020
925,C,5,H,3,116,117,513.6571877,1.481528755,1.275452055,138.9271728,0.681872342,2328
925,C,5,H,3,126,127,510.9277711,1.406859634,1.279424658,141.2355058,0.792224833,0.689003087
925,C,5,H,3,139,140,493.3834767,1.402024481,1.284411765,144.5806016,0.810543719,0.694182224
925,C,5,H,3,147,148,482.0544632,1.395399309,1.287235294,141.7791267,0.796796638,0.688685442
925,C,5,H,4,7,8,484.8704344,1.410452323,1.290764706,144.5248817,0.806005107,0.691550741
925,C,5,H,4,14,15,496.9934434,1.433637738,1.293235294,135.752248,0.691148968,939
925,C,5,H,4,24,25,512.3076394,1.421205495,1.296764706,141.5144795,0.689009933,1341.5
925,C,5,H,4,35,36,532.7968001,1.41045303,1.300647059,144.544528,0.811999224,0.685282308
925,C,5,H,4,43,44,527.3300796,1.425348304,1.302983333,148.2240534,0.692519196,2144
925,C,5,H,4,59,60,527.8811401,1.474619096,1.307516667,147.7429409,0.686859874,2354
925,C,5,H,4,79,80,508.8935762,1.421723677,1.313183333,143.081533,0.806549212,0.691249232
925,C,5,H,4,99,100,495.8116779,1.432368044,1.318517241,148.2606071,0.693014869,1452
925,C,5,H,4,106,107,493.8574941,1.429125254,1.319724138,135.1847487,0.804563519,0.68605092
925,C,5,H,4,111,112,501.4477564,1.408304612,1.320586207,149.6653554,0.693137464,1375.5
925,C,5,H,4,118,119,521.7147464,1.44595297,1.321793103,141.1538741,0.6830587,1752
925,C,5,H,4,124,125,485.9682197,1.420220424,1.322827586,139.3171367,0.688680364,1341.5
925,C,5,H,4,128,129,524.9523486,1.437257327,1.323517241,141.69281,0.679722981,3432
925,C,5,H,4,135,136,469.5489601,1.395098194,1.324724138,136.3855467,0.79675999,0.690184216
925,C,5,H,4,142,143,488.9433809,1.403858888,1.325931034,138.3449581,0.804244578,0.689897602
925,C,5,H,4,145,146,470.6410795,1.408044218,1.326448276,134.9830162,0.689339079,1470
925,C,5,H,5,1,2,518.4568721,1.439373105,1.327482759,143.8513111,0.68453726,1210
925,C,5,H,5,7,8,464.087926,1.424811913,1.32947619,129.5470808,0.806064348,0.685262203
925,C,5,H,5,14,15,525.6262637,1.457658574,1.332920635,142.5922156,0.682425175,1073.5
925,C,5,H,5,19,20,513.6696138,1.421349576,1.335380952,142.029974,0.795747352,0.683589517
925,C,5,H,5,25,26,522.1390008,1.436033562,1.338333333,144.0450444,0.810695194,0.680406029
925,C,5,H,5,32,33,598.8782373,1.435587413,1.341777778,146.8384489,0.684395949,1182.5
925,C,5,H,5,36,37,579.6059813,1.461086215,1.343746032,149.5372928,0.67911318,1025.5
925,C,5,H,5,45,46,594.9504255,1.453506657,1.348174603,131.889199,0.788115249,0.667609272
925,C,5,H,5,49,50,624.3074212,1.450159394,1.350142857,148.1761909,0.679438259,1567.5
925,C,5,H,5,56,57,601.9204911,1.460306418,1.353587302,147.9499883,0.672856584,1403.5
925,C,5,H,5,59,60,567.1906355,1.433978879,1.355063492,149.5165773,0.675052739,1519
925,C,5,H,5,76,77,522.2289008,1.435795848,1.361673267,136.0875389,0.802956666,0.675382615
925,C,5,H,5,87,88,516.9180197,1.425838713,1.364940594,150.0580201,0.818129207,0.686014652
925,C,5,H,5,95,96,506.0422491,1.430108376,1.367316832,144.1451641,0.682509807,3454.5
925,C,5,H,5,108,109,506.7145238,1.432536305,1.371178218,147.0340867,0.821530974,0.688775879
925,C,5,H,5,115,117,482.0864914,1.431988108,1.373257426,144.0663891,0.683750222,1309.5
925,C,5,H,5,125,126,460.8833428,1.404364591,1.376227723,147.3230163,0.695886894,1517
925,C,5,H,5,135,136,455.2170786,1.428600156,1.37919802,140.2029917,0.691862569,3012
925,C,5,H,5,144,145,461.4046746,1.415820513,1.381871287,138.3786705,0.799522831,0.692763109
925,C,5,H,6,5,6,503.2709583,1.473633501,1.385138614,130.2285858,0.687010402,1421.5
925,C,5,H,6,15,17,508.6488488,1.432392808,1.388108911,138.554274,0.816109374,0.694722306
925,C,5,H,6,41,42,493.9127154,1.415755845,1.396585106,141.0158433,0.801445205,0.691161779
925,C,5,H,6,51,52,526.3706316,1.426007658,1.399882979,148.8414096,0.824791998,0.687291955
925,C,5,H,6,63,65,517.0624892,1.427855671,1.403840426,146.8592971,0.686193164,1774.5
925,C,6,H,4,59,61,494.074344,1.427942678,1.631333333,148.1990623,0.684237691,1851.5
925,C,6,H,4,71,73,497.5947782,1.425042836,1.635222222,144.2799218,0.684737555,1795
925,C,6,H,4,77,79,505.7135043,1.401271309,1.637055556,143.9971305,0.794487771,0.684806136
925,C,6,H,4,80,82,476.7019526,1.421509846,1.637972222,146.1177423,0.686939369,2210.5
925,C,6,H,4,84,86,492.9724618,1.405327482,1.639194444,151.1394311,0.693415092,1649.5
925,C,6,H,4,88,90,484.3751905,1.416045501,1.640416667,146.8592971,0.686276267,2628.5
925,C,6,H,4,92,94,447.053759,1.401948796,1.641638889,147.5860603,0.825595787,0.694912791
925,C,6,H,4,96,98,458.5708551,1.420185443,1.642861111,146.9993565,0.689862559,3063.5
925,C,6,H,4,100,102,430.939483,1.409215289,1.644083333,137.8130387,0.790198016,0.688569546
925,C,6,H,4,103,105,460.5090384,1.405588551,1.645,144.1054726,0.812789735,0.694450504
925,C,6,H,4,107,109,473.3519386,1.415081917,1.646468354,147.5546944,0.691074987,3267.5
925,C,6,H,4,119,121,545.1175549,1.421295489,1.650873418,146.8592971,0.682027813,1174
925,C,6,H,4,133,135,550.8801647,1.404418713,1.656012658,146.748476,0.795211674,0.678291437
925,C,6,H,4,139,141,577.3471684,1.408087247,1.65821519,150.5143461,0.680769974,1799
925,C,6,H,4,147,149,528.2112874,1.409039683,1.661151899,146.0886465,0.685726841,1326
925,C,6,H,5,3,5,511.8383561,1.418618682,1.66335443,143.8366173,0.819251643,0.6829076
925,C,6,H,5,11,13,536.3036726,1.399024969,1.666291139,146.1085602,0.8172015,0.690035447
925,C,6,H,5,24,26,503.2489616,1.422841991,1.671063291,138.9412063,0.682115908,2972
925,C,6,H,5,32,34,500.5593075,1.403505063,1.674,142.7053934,0.80616426,0.68243531
925,C,6,H,5,43,45,484.321265,1.424321721,1.677431193,139.6654955,0.816832947,0.677810962
925,C,6,H,5,67,69,479.8119718,1.400080228,1.684917431,153.6593057,0.830847237,0.697033798
925,C,6,H,5,99,101,485.2564519,1.407666683,1.694899083,147.9452699,0.812055448,0.685857039
925,C,6,H,5,139,141,529.7491469,1.416483388,1.707376147,137.6091177,0.797854766,0.679340709
925,C,6,H,6,5,7,555.9739262,1.427571199,1.711888889,138.3804448,0.798030931,0.677483538
925,C,6,H,6,15,17,521.0075701,1.404884297,1.714666667,141.2057768,0.794888594,0.681459492
925,C,6,H,6,27,29,525.5220452,1.403249651,1.718,145.3560583,0.687833868,2068
925,C,6,H,6,35,37,526.3984528,1.399908029,1.720758621,156.1828895,0.832344081,0.694728042
925,C,6,H,6,45,47,596.2103995,1.430855103,1.724206897,149.7516045,0.674653425,1879
925,C,6,H,6,53,55,502.0051809,1.396606296,1.726965517,140.5376614,0.799698578,0.689625745
925,C,6,H,6,63,65,472.1374293,1.409078618,1.729891892,138.3503082,0.796705452,0.686759928
925,C,6,H,6,72,74,490.668765,1.400319776,1.732324324,144.5007874,0.813558824,0.692758361
925,C,6,H,6,83,85,455.5706042,1.422541381,1.735297297,147.8153474,0.695730302,2178.5
925,C,7,H,4,52,54,623.0063975,1.443394862,1.955428571,149.7516045,0.672952139,1907.5
925,C,7,H,4,69,71,539.0507062,1.473764818,1.960424242,152.6827963,0.66842677,1157.5
925,C,7,H,4,72,74,541.6136028,1.444998619,1.961333333,150.0267894,0.674341407,1454
925,C,7,H,4,83,85,555.210462,1.427884326,1.964666667,149.5231588,0.685928358,1367
925,C,7,H,4,87,89,525.1811131,1.434713678,1.965878788,149.5453411,0.680602429,1645
925,C,7,H,4,90,92,536.5664278,1.424361941,1.966787879,149.100552,0.676797732,3116.5
925,C,7,H,4,94,96,496.7786627,1.419741626,1.968,145.8071499,0.817169572,0.681816921
925,C,7,H,4,98,100,522.6251202,1.429030692,1.969402597,147.9499883,0.683282058,2773
925,C,7,H,4,105,107,509.9863838,1.405528251,1.971857143,143.592558,0.798610155,0.683527689
925,C,7,H,4,120,122,557.5214439,1.4265436,1.977116883,145.757337,0.805675195,0.672342513
925,C,7,H,4,130,132,524.3231703,1.41974878,1.980623377,145.3621221,0.804164154,0.67428131
925,C,7,H,4,148,150,533.5860394,1.431316764,1.986935065,146.9399179,0.807679131,0.671419175
925,C,7,H,5,12,14,579.4595413,1.43402219,1.991844156,147.5038385,0.666846659,1590
925,C,7,H,5,28,30,479.7604026,1.363830049,1.9985,144.5439469,1.806734679,1.690246412
925,C,7,H,5,44,46,555.4927752,1.359696978,2.0065,141.6050192,1.806346536,1.701905459
925,C,7,H,5,60,62,575.9074994,1.46293602,2.013210526,148.6457122,0.667789214,1260
925,C,7,H,5,74,76,435.8591471,1.353937361,2.017631579,144.2386893,1.804768512,1.699435734
925,C,7,H,5,92,94,454.4353256,1.354879671,2.023304688,146.1309328,1.81076673,1.701109552
925,C,7,H,5,108,110,527.2734559,1.419244821,2.028179688,144.637204,0.67852624,2087.5
925,C,7,H,5,120,122,498.1910591,1.407801808,2.031835938,148.59853,0.689659384,1148.5
925,C,7,H,5,132,134,514.6452249,1.402146232,2.035492188,150.9321151,0.696384839,1772.5
925,C,7,H,6,4,6,432.8746491,1.347436232,2.042195313,147.6399842,1.809761843,1.710494664
925,C,7,H,6,24,26,430.0453001,1.346731148,2.048289063,143.7291641,1.810859717,1.712147095
925,C,7,H,6,46,48,431.3205955,1.351514308,2.054992188,145.610986,1.809736683,1.707903092
925,C,7,H,6,85,87,524.53844,1.354932838,2.067283019,153.146196,1.809827126,1.694561852
925,C,7,H,6,116,118,486.2028822,1.356292154,2.077518868,150.2650259,1.810705798,1.696891327
925,C,7,H,6,140,142,527.3495075,1.357901892,2.085443396,144.3149721,1.810515402,1.691526483
925,C,8,H,3,100,102,492.077654,1.363400274,2.281704225,152.5765788,0.798105706,0.699697116
925,C,8,H,3,136,138,513.0596099,1.367581954,2.293873239,156.4993003,0.796177855,0.693454631
925,C,8,H,4,21,23,526.6066443,1.364445552,2.305742857,158.8699498,0.799725893,0.691008345
925,C,8,H,4,104,106,522.1511006,1.370241645,2.338244898,157.8360905,0.790256272,0.687783085
925,C,8,H,5,0,2,495.2062326,1.365954845,2.349865772,156.8014874,0.794052429,0.691684183
925,C,8,H,5,24,26,517.2790853,1.370171483,2.359691275,150.6072696,0.786700453,0.681760565
925,C,8,H,5,56,58,496.7999565,1.360698227,2.372791946,156.9368415,0.796661301,0.694153286
925,C,9,H,3,100,102,419.2576239,1.339767308,2.604444444,155.935938,0.810892024,0.711456498
925,C,9,H,3,135,137,449.517066,1.349302834,2.618703704,150.8882459,0.809521337,0.697638962
925,C,9,H,4,23,25,453.6706063,1.353484306,2.632450704,154.7819297,0.810511386,0.69645032
925,C,9,H,4,38,40,463.9063116,1.356655064,2.637521127,157.3173926,1.801175374,1.696394493
925,C,9,H,4,60,62,512.6831676,1.373996596,2.644957746,159.2901439,0.80620331,0.685554625
925,C,9,H,4,104,106,463.4475192,1.357515767,2.659338028,157.6010845,0.814467627,0.694581066
925,C,9,H,4,139,141,487.6324698,1.359237166,2.670676056,156.5552077,0.79072213,0.693781246
925,C,9,H,5,20,22,415.1386777,1.342608289,2.68071831,150.5233971,0.806489899,0.707993635
925,C,9,H,5,60,62,501.7940349,1.366123187,2.693676056,157.779737,0.799853372,0.683819497
925,C,9,H,5,100,102,458.5035531,1.351661163,2.706633803,153.3771009,0.80197869,0.696034278
925,C,9,H,5,124,126,451.1333574,1.343827084,2.714408451,158.4879026,1.81801462,1.704925345
925,C,10,H,2,111,113,423.7599638,1.343714626,2.900775862,151.4804793,0.798545808,0.696398325
925,C,10,H,3,5,7,460.1063245,1.355866057,2.9143125,147.9466157,0.794277361,0.697280872
925,C,10,H,3,23,25,491.8544316,1.374734906,2.9199375,161.7164492,1.814473541,1.687058366
925,C,10,H,3,48,50,486.8697538,1.361318921,2.927940299,151.4650688,0.800752253,0.68833423
925,C,10,H,3,116,118,410.3059152,1.345669394,2.950144928,149.3822172,0.806144147,0.697062301
925,C,10,H,3,130,132,430.8739032,1.344083036,2.954608696,156.3905588,1.810640464,1.700304788
925,C,10,H,4,4,6,421.111544,1.351289935,2.96226087,148.8857751,0.803951725,0.699035491
925,C,10,H,4,32,34,399.286127,1.343875918,2.971793103,153.3525935,1.810530896,1.700301108
925,C,10,H,4,40,42,458.2607758,1.35458474,2.974827586,154.6611426,0.80689909,0.696120965
925,C,10,H,4,56,58,474.9028726,1.352376688,2.981166667,156.508957,1.812076999,1.698570006
925,C,10,H,4,71,73,414.2421643,1.346562787,2.987666667,149.3013245,0.815549023,0.704466477
925,C,10,H,4,92,94,427.225034,1.345637724,2.995272727,151.4560165,0.813127262,0.701421168
925,C,10,H,4,140,142,459.5520939,1.350840956,3.009553719,152.3630454,0.808202907,0.696136542
925,C,10,H,5,43,45,469.4195578,1.352323708,3.025322314,153.5301853,0.809795825,0.708939381
925,C,10,H,5,77,79,504.8615759,1.337623331,3.036333333,153.2430907,0.812188877,0.713683682
925,C,10,H,5,103,105,470.4538812,1.339908891,3.045,152.7423104,0.816459578,0.708494958
925,C,10,H,5,136,138,458.0107068,1.345326716,3.055823529,162.0077261,0.813272559,0.709868199
925,C,10,H,6,38,40,495.3792861,1.355438101,3.072846154,160.5614824,0.812297043,0.705476963
925,C,10,H,6,57,59,481.6148899,1.349146869,3.080884615,156.7747027,1.814191745,1.706667853
925,C,10,H,6,74,76,452.5769758,1.34200134,3.087035398,153.5208953,0.816549991,0.709831963
925,C,11,H,2,69,71,487.7425205,1.338591889,3.336314286,153.4676407,0.807379878,0.71116981
925,C,11,H,2,100,102,495.4033719,1.341671218,3.344760563,159.3326586,1.806639904,1.708771225
925,C,11,H,2,132,134,479.9635429,1.34950239,3.353323944,158.5111618,1.8064234,1.706614904
925,C,11,H,3,20,22,517.2978095,1.35030857,3.365108434,157.3246411,1.806822077,1.698116193
925,C,12,H,3,139,141,515.3393042,1.356438045,3.745218391,160.5616888,0.806731204,0.69734477
925,C,13,H,1,88,90,503.5723226,1.355404561,4.009333333,157.5819132,1.807792965,1.696220924
925,C,13,H,2,1,3,482.5935855,1.344426779,4.02862963,161.7910879,0.818413592,0.702889184
925,C,13,H,2,93,95,540.0825424,1.359748374,4.059666667,164.2632846,1.814685151,1.696850847
925,C,14,H,2,67,69,493.2473864,1.349498653,4.377052632,156.8340782,1.811947104,1.70528502
925,C,14,H,2,118,120,487.9571951,1.355972302,4.403894737,155.4615118,1.807777033,1.695900587
925,C,14,H,3,14,16,468.9634798,1.344720692,4.428710526,162.1914666,1.82215772,1.705956986
925,C,14,H,3,59,61,532.2136958,1.355377017,4.44873913,163.855477,1.824340837,1.704443232
925,C,14,H,3,71,73,460.9065635,1.351671417,4.453434783,158.7640759,1.815348269,1.707184251
925,C,14,H,3,117,119,487.207319,1.346108819,4.475533333,157.2594359,1.813232087,1.706311734
925,C,14,H,4,8,10,430.6133952,1.346051556,4.492906977,157.8771523,1.822821196,1.709189643
925,C,14,H,4,43,45,465.9341101,1.344110898,4.514859155,159.6060908,1.820586819,1.703743681
925,C,14,H,4,82,84,457.414919,1.346388347,4.540676056,158.8029439,1.820472719,1.710328358
925,C,14,H,4,117,119,424.3934728,1.352020815,4.554764706,154.5404798,1.819600306,1.703553298
925,C,15,H,1,142,144,403.2287419,1.335148675,4.785983333,157.8480941,1.825688429,1.709465514
925,C,15,H,2,40,42,427.1035918,1.33049993,4.801114286,158.7332292,1.825624622,1.714203019
925,C,15,H,2,90,92,412.7090352,1.341387194,4.81653125,157.6311201,1.825901041,1.715994711
925,C,15,H,3,1,3,518.1320012,1.348776557,4.8336875,160.8275852,1.817170559,1.705834461
925,C,15,H,3,71,73,436.2735138,1.347189549,4.854173913,155.42493,1.822283772,1.711626524
925,C,15,H,3,110,112,466.9734453,1.337154207,4.86773913,162.7056711,1.826022552,1.714570811
925,C,15,H,3,145,147,459.4274282,1.34077653,4.879913043,158.2220969,1.819753291,1.705953924
925,C,15,H,4,45,47,484.1033075,1.341815048,4.897304348,162.3371844,1.823965333,1.710680015
925,C,15,H,4,67,69,440.1221513,1.334470169,4.906064516,157.7831396,1.825202295,1.715321952
925,D,1,H,2,144,146,620.2550353,1.433578357,0.129516129,143.8513111,0.794176834,0.661145964
925,D,1,H,3,4,6,573.3931631,1.420069191,0.131451613,151.1675205,0.773758074,0.665218749
925,D,1,H,3,10,12,617.3468224,1.362576427,0.132612903,148.5899036,1.804953806,1.686554049
925,D,1,H,3,43,45,500.1317151,1.364882572,0.139,146.0248756,1.615839525,1.506124329
925,D,1,H,3,70,72,500.1054995,1.427950103,0.144645455,140.7370984,0.799833619,0.674570476
925,D,1,H,3,78,80,490.1369627,1.367238872,0.146318182,141.2580535,1.641662471,1.532934228
925,D,1,H,3,114,116,522.716973,1.360027386,0.153845455,146.1488423,1.617153971,1.509734555
925,D,1,H,3,133,135,491.7117609,1.420790402,0.157818182,137.7460829,0.750083942,0.663937744
925,D,1,H,3,142,144,540.7942211,1.371055546,0.1597,154.2626927,1.540208817,1.430737502
925,D,1,H,4,14,16,564.9989224,1.428134196,0.165046154,140.1415922,0.786633559,0.663918806
925,D,1,H,4,34,36,515.1131173,1.383640259,0.170584615,146.9958288,0.797815223,0.678949869
925,D,1,H,4,65,67,523.8192518,1.358256428,0.179169231,152.1120268,1.803557597,1.689100438
925,D,1,H,4,85,87,577.5772891,1.364997587,0.184707692,155.2934426,1.803739242,1.685476721
925,D,1,H,4,103,105,503.4431934,1.378575325,0.189692308,141.705622,0.794467037,0.683008519
925,D,1,H,4,139,141,512.2267253,1.357952779,0.199859155,153.2430907,1.803014842,1.689342588
925,D,1,H,5,45,47,577.614735,1.379038368,0.217211268,146.2274391,1.537108134,1.417125291
925,D,1,H,5,65,67,500.3951624,1.361423624,0.222880952,150.2365995,1.805621623,1.683347075
925,D,1,H,5,84,86,573.8548619,1.450381409,0.227857143,150.5143461,0.808257872,0.666824743
925,D,1,H,5,105,107,426.4126548,1.354503119,0.234,148.254493,1.656392521,1.564421907
925,D,1,H,5,115,117,578.2058253,1.406742971,0.237333333,150.7093947,0.784160473,0.670003404
925,D,1,H,5,129,131,552.2904117,1.362961704,0.242,151.9879316,1.805091448,1.675443369
925,D,1,H,6,0,2,523.8420768,1.377832454,0.24705,152.1924397,0.79822046,0.67441535
925,D,3,H,1,140,142,532.567557,1.378060406,0.697230769,151.1413491,0.806515933,0.687011137
925,D,3,H,2,22,24,597.9064331,1.383823834,0.710153846,154.3312302,0.80773072,0.685297616
925,D,3,H,2,46,47,563.7044581,1.444692028,0.719384615,148.6502482,0.806587928,0.670910081
925,D,3,H,2,72,74,586.8989691,1.351011261,0.727325,146.302039,0.800946032,0.695601729
925,D,3,H,2,82,84,568.0024241,1.410141366,0.7297,137.7653919,0.779470042,0.664001195
925,D,3,H,2,89,91,559.6873481,1.364292062,0.7313625,150.1490792,1.799225632,1.68569949
925,D,3,H,2,102,104,538.7546866,1.371394018,0.73445,149.9214064,0.802104631,0.68416674
925,D,3,H,2,129,131,583.1136778,1.359328007,0.7408625,153.596611,1.811075488,1.686447249
925,D,3,H,2,139,141,556.9556508,1.384538011,0.743401786,150.3635036,1.36558542,1.248395675
925,D,3,H,3,52,54,521.2005008,1.384073882,0.768714286,154.9066729,0.808584007,0.697549584
925,D,3,H,3,82,84,527.3094292,1.350199663,0.780767857,149.3698959,1.807817169,1.699796826
925,D,3,H,3,107,108,427.7443038,1.371015603,0.790692308,137.4047491,0.797546846,0.696980617
925,D,3,H,3,116,117,573.0073624,1.432814827,0.794153846,142.8930561,0.803711929,0.670958354
925,D,3,H,3,127,128,532.6054839,1.415793668,0.798308333,144.616753,0.800328517,0.700080067
925,D,3,H,3,130,131,497.7375407,1.421968394,0.799233333,153.6950767,0.786877894,0.706072373
925,D,3,H,3,131,133,456.2316911,1.360804713,0.799541667,140.9963717,1.574646575,1.4802709
925,D,3,H,4,4,6,435.5527408,1.352983353,0.806633333,153.596611,1.823082861,1.718443556
925,D,3,H,4,22,24,476.4749456,1.423840231,0.812183333,140.5210919,0.789931265,0.68155476
925,D,3,H,4,42,44,418.9614993,1.338454701,0.81835,146.9972895,1.8017541,1.709270623
925,D,3,H,4,60,62,482.4888349,1.380865589,0.8239,150.524145,1.196256284,1.078165264
925,D,3,H,4,77,79,485.1309162,1.417263017,0.829141667,146.7547187,0.793803769,0.681616938
925,D,3,H,4,115,117,636.5436522,1.344721023,0.843395349,148.9601563,0.804359294,0.696992716
925,D,3,H,4,127,128,516.7871827,1.378135975,0.848697674,144.1626701,1.463968708,1.344549471
925,D,3,H,4,139,141,587.0995419,1.4338183,0.854,144.4078483,0.801534994,0.668843549
925,D,3,H,4,145,147,592.3485035,1.354247948,0.855938462,152.1832083,1.801490135,1.69405602
925,D,3,H,5,3,4,630.5867479,1.422401297,0.858523077,149.8584939,0.803361408,0.676979755
925,D,3,H,5,12,14,602.1824054,1.38370536,0.861430769,150.1015853,0.812465002,0.683692927
925,D,3,H,5,22,24,559.5290517,1.448345563,0.864661538,149.7317124,0.803106975,0.664712298
925,D,3,H,5,32,34,627.111437,1.429250372,0.867892308,152.9163314,0.788627583,0.678405366
925,D,3,H,5,42,44,634.5310235,1.444408419,0.871123077,154.3258147,0.810030175,0.687374231
925,D,3,H,5,52,54,588.4400818,1.380434072,0.874353846,153.3113784,0.808790347,0.693527121
925,D,3,H,5,62,64,595.0449161,1.446140908,0.879,141.5565835,0.804666595,0.669496671
925,D,3,H,5,67,68,641.1006294,1.429678662,0.8815,145.0793893,0.808276241,0.677304989
925,D,3,H,5,71,72,633.8541804,1.424959441,0.8835,145.6493162,0.792660047,0.679197884
925,D,3,H,5,73,75,613.2592037,1.361392196,0.8845,150.8955043,1.57566733,1.474462364
925,D,3,H,5,90,92,612.8678314,1.452348882,0.893,149.7516045,0.800962212,0.681975245
925,D,3,H,5,92,94,537.1189151,1.469106,0.894,151.373759,0.802406171,0.68658927
925,D,3,H,5,95,97,598.9510499,1.435634611,0.895469697,158.6250652,0.81010567,0.685871112
925,D,3,H,5,100,102,594.0018543,1.368622356,0.897818182,154.2759584,0.811283228,0.698474672
925,D,3,H,5,105,107,582.9094474,1.457117946,0.900166667,145.0796854,0.799125435,0.667761222
925,D,3,H,5,112,114,684.8544038,1.446120678,0.903454545,147.5177037,0.800713505,0.667513308
925,D,3,H,5,117,118,608.6921567,1.427860071,0.90580303,144.4078483,0.766547324,0.664534721
925,D,3,H,5,125,127,618.8395461,1.373048908,0.909560606,154.0237491,0.801549167,0.690798645
925,D,3,H,5,142,144,599.0302744,1.434170574,0.917545455,149.8864564,0.80963781,0.677672167
925,D,3,H,5,147,149,622.3939158,1.429040429,0.919893939,147.5236907,0.80083862,0.67184443
925,D,3,H,6,10,12,596.6715352,1.360402094,0.926,153.0090854,0.812750072,0.70618837
925,D,3,H,6,18,20,524.7764254,1.443794743,0.928378378,149.9616121,0.804570709,0.680489691
925,D,4,H,2,50,52,607.3563703,1.396880298,1.070321739,150.7541024,0.804060062,0.680206184
925,D,4,H,2,60,62,609.7539555,1.421622874,1.073825,148.4648082,0.769790868,0.670594478
925,D,4,H,2,70,72,584.1760041,1.430924568,1.076575,149.0187348,0.806678817,0.663583522
925,D,4,H,2,77,79,602.6338284,1.421824123,1.0785,159.0016247,0.812132906,0.666940579
925,D,4,H,2,83,85,699.8677427,1.449959869,1.08015,151.1798366,0.795429656,0.643839255
925,D,4,H,2,89,91,634.6043772,1.385266866,1.0818,153.6340667,0.80139256,0.675285149
925,D,4,H,2,96,98,670.2418596,1.414774495,1.083725,151.6559743,0.792773824,0.672125074
925,D,4,H,2,103,105,617.236169,1.428787262,1.086478261,144.9241392,0.797744749,0.669269249
925,D,4,H,2,111,113,508.0715217,1.403559877,1.089782609,147.0494021,0.809926215,0.692479597
925,D,4,H,2,123,125,504.9656784,1.373419596,1.09473913,148.952983,0.810429808,0.70273911
925,D,4,H,2,148,150,520.8561548,1.440012227,1.10471875,148.5909986,0.79429298,0.689611694
925,D,4,H,3,5,7,472.0994708,1.362165552,1.107125,150.6292052,1.646562902,1.541121601
925,D,4,H,3,10,12,558.6429837,1.417936889,1.10884375,149.6524197,0.775341273,0.6825303
925,D,4,H,3,14,16,493.767629,1.406491708,1.11021875,143.1685755,0.780399132,0.687792765
925,D,4,H,3,19,21,495.780312,1.432227807,1.1119375,146.9290237,0.802946857,0.683534495
925,D,4,H,3,23,25,501.5811003,1.436596005,1.1133125,144.1424954,0.784775974,0.668437411
925,D,4,H,3,32,34,550.4338038,1.426603907,1.11575,159.3794395,0.811832061,0.683334635
925,D,4,H,3,39,41,553.3583383,1.417992217,1.1175,160.6753749,0.825628927,0.685556285
925,D,4,H,3,47,49,534.876751,1.424493436,1.1195,147.3872171,0.764218217,0.677515784
925,D,4,H,3,54,56,529.2637199,1.42580197,1.12125,150.8322031,0.805733505,0.683936379
925,D,4,H,3,73,75,485.6851548,1.352007795,1.126,150.5157038,0.814104923,0.7091818
925,D,4,H,3,82,84,502.1128382,1.392415771,1.12825,149.4902513,0.81002852,0.704002117
925,D,4,H,3,89,91,525.872874,1.406979667,1.13,148.8414096,0.800054776,0.695591407
925,D,4,H,3,97,99,492.1165893,1.430243076,1.132,142.1687762,0.802107421,0.685099379
925,D,4,H,3,106,108,525.4392728,1.423543207,1.13425,142.385854,0.788977424,0.692246516
925,D,4,H,3,113,115,525.2840226,1.376262034,1.136,156.8716553,1.470708581,1.374841383
925,D,4,H,3,143,145,461.6290011,1.364282696,1.150761905,152.5560098,1.485883401,1.373101704
925,D,4,H,4,11,13,463.3916987,1.419198954,1.159619048,140.1168352,0.779267137,0.684106363
925,D,4,H,4,29,31,460.4064877,1.386697241,1.167733333,147.4547745,0.813083878,0.688748605
925,D,4,H,4,39,41,513.6466081,1.4050174,1.170177778,135.9087667,0.775505882,0.675979223
925,D,4,H,4,49,51,518.1864528,1.419379829,1.172622222,150.5143461,0.802168529,0.679243502
925,D,4,H,4,51,53,500.5384197,1.429411249,1.173111111,144.1451641,0.802707267,0.67435437
925,D,4,H,4,57,59,506.6206226,1.434381875,1.174577778,144.8167841,0.791801298,0.669229048
925,D,4,H,4,63,65,492.6133831,1.399584218,1.176044444,145.5984569,0.78040841,0.684405398
925,D,4,H,4,79,81,480.1025215,1.433709079,1.180285714,143.6179059,0.80228064,0.677969361
925,D,5,H,2,71,73,482.7038182,1.421094368,1.4216,132.2019106,0.810071554,0.690578151
925,D,5,H,2,80,82,426.3678563,1.45747535,1.4252,111.3011281,0.679319577,1260
925,D,5,H,2,118,120,466.3497631,1.398651111,1.4404,139.2446716,0.795871714,0.692066418
925,D,5,H,2,142,144,484.6225954,1.425843598,1.449213115,146.0976324,0.815171051,0.688527468
925,D,5,H,3,1,2,422.5384309,1.350329979,1.452459016,143.6370025,1.808115903,1.702428493
925,D,5,H,3,10,12,471.7469569,1.445000272,1.455704918,131.1417517,0.799655334,0.684915812
925,D,5,H,3,19,20,469.6545124,1.409239443,1.45895082,137.6440594,0.807617295,0.690739798
925,D,5,H,3,36,38,408.3236148,1.350906165,1.465276596,145.7893335,1.812515864,1.700087142
925,D,5,H,3,52,54,452.6684333,1.389313737,1.472085106,145.1504549,0.695771764,1267
925,D,5,H,3,73,75,454.3397034,1.403645293,1.481021277,147.0972859,0.691281126,1699.5
925,D,5,H,3,82,84,462.8318083,1.4118715,1.485052632,142.2981953,0.694887023,1055
925,D,5,H,3,91,93,426.2333473,1.348367202,1.489789474,151.7103886,1.821235313,1.704865899
925,D,5,H,3,95,97,436.1771333,1.421262163,1.491894737,130.9221648,0.689842645,2166.5
925,D,5,H,3,102,104,455.1628959,1.398858301,1.495578947,135.2731045,0.803932933,0.689331594
925,D,5,H,3,112,114,448.6496219,1.356399432,1.500842105,149.5099299,1.814256036,1.694118522
925,D,5,H,3,116,118,528.2558219,1.437452549,1.502947368,141.6253858,0.676180341,1024.5
925,D,5,H,3,137,139,552.3277539,1.484308061,1.509066667,136.9141069,0.672407159,1528
925,D,5,H,4,20,22,428.0079523,1.34313202,1.517866667,146.2835275,1.802001941,1.707739738
925,D,5,H,4,107,109,522.3512007,1.423476221,1.543464286,144.616753,0.802308847,0.674237654
925,D,5,H,4,112,114,506.4543156,1.437096283,1.545428571,143.1743285,0.672422287,1704.5
925,D,5,H,4,115,117,483.2389354,1.359811653,1.546607143,141.9943332,1.806781641,1.698597309
925,D,5,H,5,5,7,504.5531839,1.379115724,1.560684211,145.8568106,1.426951588,257.08476
925,D,5,H,5,35,37,460.8492892,1.398296695,1.570142857,144.7252075,0.821149728,0.694788509
925,D,5,H,5,50,52,505.6339844,1.354492414,1.574071429,147.0357914,1.816866709,1.706364737
925,D,5,H,5,89,91,485.0993081,1.442075414,1.583837838,132.1527206,0.680304973,1528
925,D,5,H,5,101,103,438.9384376,1.353175849,1.586756757,141.8893231,1.806041594,1.701701599
925,D,5,H,5,130,132,451.8860778,1.354305459,1.599461538,144.2493693,1.810321966,1.700663226
925,D,5,H,5,135,137,490.9786014,1.443868916,1.601384615,133.543479,0.677294587,1207
925,D,5,H,6,17,19,428.3000853,1.341211776,1.613142857,146.0785654,1.810728953,1.71214664
925,D,5,H,6,30,32,494.1670823,1.441522007,1.617666667,144.5048569,0.683848661,1614
925,D,6,H,2,52,54,473.4747241,1.405915873,1.73834375,156.6013696,0.699981917,558
925,D,6,H,2,60,62,460.3335386,1.409383833,1.74109375,154.8881852,0.694702528,1360
925,D,6,H,2,74,76,500.1587806,1.421117764,1.74590625,155.6101303,0.692745544,738
925,D,6,H,2,77,79,446.8419427,1.351072746,1.7469375,148.7075648,0.804512496,0.701560049
925,D,6,H,2,82,84,461.2816173,1.422514352,1.74865625,143.2111314,0.681878852,922
925,D,6,H,2,91,93,445.6822985,1.433056244,1.75183871,139.6432793,0.678005326,1846.5
925,D,6,H,2,98,100,505.5698497,1.434761625,1.754322581,136.0630978,0.674656167,1248
925,D,6,H,2,106,108,494.7763942,1.445882425,1.75716129,137.9147531,0.672907783,1467.5
925,D,6,H,2,112,114,407.1742276,1.391488844,1.759290323,121.3194465,1.347838905,1.218500777
925,D,6,H,2,120,122,482.4705226,1.439221523,1.762129032,130.8264599,0.678949639,964
925,D,6,H,2,126,128,507.9725578,1.415237035,1.764258065,144.4633858,0.683341308,1200
925,D,6,H,2,133,135,454.0598307,1.420820254,1.766741935,123.3620877,0.684561277,1521.5
925,D,6,H,2,148,150,449.9859369,1.394170363,1.771939759,131.7580133,1.14723978,1228.715685
925,D,6,H,3,8,10,523.8183032,1.418874368,1.775072289,157.9444484,0.690682789,682
925,D,6,H,3,44,46,488.0002897,1.374169791,1.786349398,156.2619387,1.377434279,356.5778355
925,D,6,H,3,60,62,480.8706606,1.468423295,1.791361446,139.3551721,0.677970693,618.5
925,D,6,H,3,78,80,503.325743,1.424257932,1.797,152.0427007,0.686774643,1057
925,D,6,H,3,94,96,486.768178,1.447004166,1.802894737,154.8321091,0.689937988,488
925,D,6,H,3,103,105,501.9030862,1.44232805,1.806210526,145.6804897,0.676159343,405.5
925,D,6,H,3,114,116,496.1258116,1.353398146,1.810263158,153.2104037,1.811809702,1.698325048
925,D,6,H,3,124,126,518.3585253,1.438006259,1.814384615,144.1451641,0.677999016,730
925,D,6,H,3,139,141,521.6721056,1.418426428,1.820730769,149.2982464,0.684226408,955
925,D,6,H,3,148,150,469.834735,1.405986684,1.8244,155.6470956,0.695454046,1276
925,D,6,H,4,5,7,484.2423178,1.415857445,1.8272,154.8351505,0.693306566,1390
925,D,6,H,4,11,13,475.0113806,1.45723641,1.8296,125.2326359,0.676536636,1058
925,D,6,H,4,18,20,494.4127356,1.407643585,1.832392857,154.9968754,0.691577529,867
925,D,6,H,4,24,26,507.6529895,1.446307321,1.83475,154.8889373,0.681481458,1220.5
925,D,6,H,4,48,50,469.4568472,1.392804971,1.843916667,159.2704526,0.70153595,1069.5
925,D,6,H,4,56,58,480.881606,1.411382518,1.846361111,158.8202561,0.697913916,915
925,D,6,H,4,66,68,450.5742134,1.366815392,1.849416667,154.9737684,1.402852775,315.4268047
925,D,6,H,4,78,80,489.2611921,1.410344079,1.853083333,150.088802,0.820581197,0.691245615
925,D,6,H,4,88,90,438.0714489,1.391986815,1.856413793,155.8190063,0.712823163,1027
925,D,6,H,4,97,99,477.1479294,1.410526097,1.859517241,146.8592971,0.697581611,531.5
925,D,6,H,4,122,124,525.4288847,1.444803318,1.8688,147.7802232,0.679142092,364.5
925,D,6,H,4,130,132,469.647692,1.399718716,1.872,155.1888463,0.706013013,1286.5
925,D,6,H,4,136,138,465.0727882,1.403499069,1.874323529,142.3685117,0.710933343,890
925,D,6,H,4,146,148,504.2684715,1.411898632,1.877558824,147.3232853,0.694572642,647.5
925,D,6,H,5,2,4,519.6059362,1.409329692,1.8795,145.2341536,0.812656777,0.690191824
925,D,6,H,5,4,6,490.4328729,1.40605692,1.880147059,138.4448078,0.801180057,0.68581003
925,D,6,H,5,6,8,510.74383,1.421110991,1.880794118,140.9804354,0.802162252,0.683123192
925,D,6,H,5,10,12,464.9404214,1.399028249,1.882088235,154.8746487,0.704180532,1001
925,D,6,H,5,13,15,438.9671773,1.422561113,1.883058824,144.4743945,0.697665933,1131.5
925,D,6,H,5,16,18,439.1901384,1.428984546,1.884029412,142.2911637,0.696536246,574.5
925,D,6,H,5,20,22,473.7186564,1.409754611,1.88527027,139.0276677,0.799237015,0.684975345
925,D,6,H,5,23,25,480.2554983,1.410549697,1.886081081,138.9676201,0.809959752,0.685954415
925,D,6,H,5,29,31,488.8938099,1.417416355,1.887702703,142.0202934,0.784922587,0.680600199
925,D,6,H,5,57,59,410.3805592,1.343960783,1.89527027,147.0256228,1.807199926,1.702987779
925,D,6,H,5,88,90,504.49025,1.397825717,1.903648649,146.2443867,0.802161779,0.687422391
925,D,6,H,5,117,119,542.0012606,1.425293244,1.911486486,154.2176787,0.810882674,0.679124595
925,D,6,H,5,140,142,480.9251386,1.425506424,1.9194,152.4007783,0.695761798,889.5
925,D,6,H,5,148,150,471.1384788,1.426725476,1.92292,138.7998696,0.692254148,2082
925,D,6,H,6,6,8,468.3180019,1.426003627,1.926416667,146.1931141,0.691760629,457.5
925,D,6,H,6,12,14,484.6382982,1.416841396,1.928916667,146.9993565,0.698577454,1063.5
925,D,6,H,6,16,18,524.624665,1.433807795,1.930583333,147.9499883,0.684971891,918.5
925,D,6,H,6,19,21,504.0755461,1.442124632,1.931833333,151.4120041,0.683308229,1082
925,D,6,H,6,22,24,509.5459396,1.442972463,1.933083333,144.8890252,0.683612384,757
925,D,6,H,6,26,28,495.1033601,1.433656937,1.93475,146.4463172,0.683502347,760
925,D,6,H,6,29,31,518.0666932,1.424908031,1.936,149.5481139,0.684602539,985.5
925,D,6,H,6,35,37,525.6561465,1.430462022,1.937714286,145.9995749,0.797462795,0.679111954
925,D,6,H,6,49,51,488.0069952,1.373013305,1.941714286,148.173347,1.402753328,291.4392543
925,D,6,H,6,75,77,574.2143047,1.432679534,1.949142857,149.594788,0.678954389,814
925,D,7,H,2,57,59,592.162851,1.444232095,2.096009434,117.9958989,0.790120536,0.657622667
925,D,7,H,2,71,73,594.7164369,1.470599554,2.100558824,147.3376385,0.661164038,614.5
925,D,7,H,2,76,78,555.9773585,1.467247547,2.102176471,131.885541,0.809111214,0.655056044
925,D,7,H,2,82,84,596.4769066,1.460740417,2.104117647,139.4972792,0.657789883,1592.5
925,D,7,H,2,86,88,566.6145684,1.478119299,2.105411765,138.6805796,0.658722485,1291
925,D,7,H,2,92,94,563.3433412,1.388292452,2.107352941,152.7928037,1.464842896,1.336985163
925,D,7,H,2,97,99,671.0505395,1.459164714,2.1089375,151.3422632,0.6611537,815
925,D,7,H,2,103,105,652.4630631,1.437258104,2.1108125,153.4787561,0.789534873,0.668964299
925,D,7,H,2,118,120,654.2015817,1.457838861,2.1155,145.6275348,0.659954207,564
925,D,7,H,2,134,136,653.4993156,1.465596507,2.1205,155.5984913,0.658142308,608.5
925,D,7,H,2,148,150,494.3029507,1.427020047,2.124875,129.114803,0.792880663,0.671638232
925,D,7,H,3,16,18,523.1209566,1.451535341,2.129811321,143.5423573,0.676736808,1120.5
925,D,7,H,3,19,21,516.4956104,1.456535306,2.130490566,144.9168673,0.679428697,1098.5
925,D,7,H,3,23,25,503.456921,1.45528459,2.131396226,133.5573912,0.673634369,1282
925,D,7,H,3,25,27,558.4367806,1.456903519,2.131849057,154.4439327,0.671593128,967.5
925,D,7,H,3,29,31,534.7381679,1.447643143,2.132754717,151.5435921,0.677462596,1331
925,D,7,H,3,32,34,511.9443646,1.434781407,2.133433962,151.1246473,0.798855967,0.674333542
925,D,7,H,3,35,37,517.9570982,1.437702339,2.134113208,147.6889284,0.795574214,0.67553118
925,D,7,H,3,38,40,508.3064041,1.42550919,2.134792453,139.6569071,0.791115985,0.672596793
925,D,7,H,3,43,45,541.1809543,1.42969554,2.135924528,141.8309417,0.786024428,0.676032007
925,D,7,H,3,46,48,518.3774866,1.395053646,2.136603774,146.1075588,1.339312335,429.6311632
925,D,7,H,3,49,51,475.7425105,1.431915482,2.137283019,142.0683125,0.805099495,0.676337303
925,D,7,H,3,53,55,501.0230326,1.445990138,2.138188679,143.2295328,0.677471626,1332.5
925,D,7,H,3,56,58,505.6047486,1.43825396,2.138867925,144.5617606,0.804707736,0.669905651
925,D,7,H,3,58,60,489.4613702,1.429770743,2.139320755,136.4274122,0.79721187,0.676322595
925,D,7,H,3,62,64,496.3012925,1.43431512,2.140298137,153.512723,0.680965188,1347
925,D,7,H,3,71,73,484.9063236,1.382834534,2.142981366,150.9758976,1.347011393,1.222632232
925,D,7,H,3,108,110,462.5480675,1.387664224,2.154012422,123.328364,1.366416128,1.238850346
925,D,7,H,3,148,150,490.0053115,1.376675238,2.165937888,146.266478,1.34207798,1.232914584
925,D,7,H,4,39,41,476.0378093,1.377421247,2.178161491,151.0972182,1.414273661,252.918274
925,D,7,H,4,78,80,467.3156116,1.379100033,2.189469388,141.2018091,1.490065931,1.379248975
925,D,7,H,4,94,96,540.5521389,1.419435603,2.193387755,150.3695545,0.794053023,0.678678665
925,D,7,H,4,107,109,487.4638946,1.403176948,2.196571429,136.2491471,1.330327658,459.8397641
925,D,7,H,4,119,121,555.3277456,1.451923074,2.199510204,142.0591871,0.78224905,0.658542183
925,D,7,H,4,134,136,472.2203885,1.390161517,2.203108696,134.0847449,1.393683935,1.276295445
925,D,7,H,5,11,13,452.9472212,1.379678867,2.209565217,138.721828,1.451532706,219.0691406
925,D,7,H,5,25,27,475.8047691,1.434565806,2.215,121.5110692,0.802672564,0.679609583
925,D,7,H,5,30,32,472.5306398,1.455654717,2.2175,126.0201397,0.678824315,2477
925,D,7,H,5,35,37,454.5984456,1.437476952,2.22,141.4291311,0.685448328,2126.5
925,D,7,H,5,40,42,494.75452,1.461447351,2.2216,136.3478495,0.68229282,1014
925,D,7,H,5,46,48,514.7322751,1.452948137,2.2228,146.9993565,0.679752162,1015.5
925,D,7,H,5,53,55,493.6521366,1.454638132,2.2242,143.753799,0.685167198,674
925,D,7,H,5,60,62,486.4737115,1.422652767,2.2256,141.8126829,0.825693966,0.691039263
925,D,7,H,5,70,72,499.5551915,1.433598755,2.2276,147.6083444,0.811405445,0.686858913
925,D,7,H,5,78,80,517.8113362,1.441138189,2.2292,147.2196619,0.680451795,2356.5
925,D,7,H,5,84,86,482.37835,1.428963412,2.2304,144.505679,0.805864425,0.677616174
925,D,7,H,5,94,96,500.165097,1.432058797,2.2324,149.4902513,0.693849784,675
925,D,7,H,5,102,104,457.1257151,1.456413271,2.23425,118.1366506,0.678960659,1851
925,D,7,H,5,108,110,507.6866225,1.394351127,2.23575,149.5370227,0.691484128,513.5
925,D,7,H,5,119,121,490.1623144,1.447990071,2.2385,119.3629686,0.812314742,0.671723389
925,D,7,H,5,125,127,516.6371979,1.44200803,2.24,146.1046492,0.676937543,1366.5
925,D,7,H,5,131,133,517.8554348,1.452180431,2.2415,147.3197878,0.679201053,502.5
925,D,7,H,5,136,138,524.4673467,1.423592484,2.24275,145.9022409,0.816885793,0.681056406
925,D,7,H,5,142,144,489.1987842,1.453306351,2.24425,133.3092081,0.674385838,1906.5
925,D,7,H,5,148,150,507.4855532,1.476737271,2.24575,124.2745008,0.671529218,1265.5
925,D,7,H,6,2,4,486.462959,1.444889248,2.24675,137.2898811,0.790999887,0.672105283
925,D,7,H,6,8,10,499.4727691,1.455559384,2.24825,142.7737648,0.681221159,613
925,D,7,H,6,18,20,464.2051903,1.407496491,2.25075,144.2365213,0.693015759,1656
925,D,7,H,6,25,27,476.5042236,1.424565262,2.2525,133.1318173,0.688111981,861
925,D,7,H,6,30,32,468.9412694,1.438271297,2.25375,137.8099022,0.680338919,1619
925,D,7,H,6,35,37,486.5335428,1.434179184,2.255,144.2799218,0.680928973,813.5
925,D,7,H,6,45,47,423.9111335,1.343823155,2.258380282,155.5859097,1.815946792,1.701430514
925,D,7,H,6,77,79,471.637186,1.356063837,2.269197183,152.7240646,0.80685886,0.707652752
925,D,8,H,1,115,117,474.0411608,1.365300738,2.38261745,154.5703933,0.811413445,0.680063561
925,D,8,H,1,136,138,521.1707685,1.364326214,2.391214765,157.3993608,0.804986282,0.686140991
925,D,8,H,1,148,150,465.0330074,1.362176787,2.396127517,148.9792242,0.80974853,0.684096808
925,D,8,H,2,20,22,461.7453753,1.350866673,2.405134228,152.1071475,1.803192844,1.69700845
925,D,8,H,2,30,32,453.6729719,1.349480573,2.408759494,150.9157108,0.791346311,0.694802486
925,D,8,H,2,55,57,502.6758396,1.345560176,2.415088608,157.2480717,1.812405659,1.699944061
925,D,8,H,2,78,80,483.1458786,1.366481705,2.420911392,155.2468508,1.809988584,1.693028122
925,D,8,H,2,92,94,508.6748903,1.373335373,2.424455696,149.7534738,0.782809884,0.681991006
925,D,8,H,3,4,6,418.3506047,1.337566251,2.440151899,149.567229,1.81629855,1.709397494
925,D,8,H,3,28,30,409.8292278,1.350949676,2.446227848,147.9451082,0.814111654,0.705737826
925,D,8,H,3,47,49,423.0699709,1.33747807,2.452178571,156.6521401,1.819637372,1.706214689
925,D,8,H,3,64,66,463.9491843,1.361823728,2.458098214,148.0431643,0.800109166,0.691813177
925,D,8,H,3,82,84,490.3359974,1.353511177,2.464366071,154.505816,1.814884135,1.694683353
925,D,8,H,3,100,102,480.3733363,1.362488192,2.470633929,149.3500313,0.812638083,0.689390262
925,D,8,H,3,117,119,519.0624476,1.356814094,2.476553571,159.7122134,0.821879909,0.693185086
925,D,8,H,3,134,136,501.4420899,1.35416444,2.482473214,158.2177801,1.809616619,1.69108686
925,D,8,H,4,2,4,431.2945141,1.358236706,2.488647727,150.3061099,0.80357227,0.698773623
925,D,8,H,4,7,9,493.9973036,1.401150164,2.490295455,146.8782363,0.791508762,0.689214176
925,D,8,H,4,17,19,459.1580823,1.354640926,2.493590909,148.7978962,0.813883038,0.700813971
925,D,8,H,4,28,30,526.128033,1.379820638,2.497215909,150.7786347,0.790316961,0.67836264
925,D,8,H,4,36,38,472.862756,1.36302112,2.499852273,150.7484331,0.798758691,0.693786435
925,D,8,H,4,46,48,548.4510245,1.427227177,2.503147727,145.8914043,0.789136288,0.670987168
925,D,8,H,4,53,55,503.4771181,1.353385419,2.505454545,165.4651658,1.827117994,1.700339617
925,D,8,H,4,73,75,436.7575239,1.355535327,2.512045455,143.6580812,0.80305277,0.694084196
925,D,8,H,4,91,93,496.3916621,1.350427269,2.517977273,157.2480717,1.81300656,1.694403306
925,D,8,H,4,118,120,477.1011967,1.358516759,2.526875,158.5782283,0.826075596,0.697750676
925,D,8,H,4,138,140,491.2701856,1.361209108,2.533465909,157.0891681,1.81144955,1.697978037
925,D,8,H,5,6,8,478.7108965,1.375085337,2.539397727,142.2032592,0.809419823,0.693901574
925,D,8,H,5,17,19,486.4290442,1.391714169,2.543022727,144.5453606,0.783850725,0.687847131
925,D,8,H,5,24,26,460.8289218,1.371372493,2.545314917,135.7978631,0.805228678,0.699342174
925,D,8,H,5,40,42,504.9781131,1.375166103,2.550353591,153.3525935,0.802223402,0.689058772
925,D,8,H,5,63,65,508.0622817,1.383264716,2.557596685,150.9053405,0.795561675,0.687050968
925,D,8,H,5,86,88,465.1056857,1.369839521,2.564839779,150.9593698,0.811996171,0.688606192
925,D,8,H,5,113,115,513.5362779,1.369654577,2.573342541,147.5854093,0.800167869,0.692675678
925,D,8,H,5,139,141,531.4767597,1.380933807,2.581530387,154.5647067,0.810182613,0.688462323
925,D,8,H,6,13,15,495.8320637,1.376028706,2.589088398,150.2844103,0.793443888,0.689221031
925,D,11,H,1,81,83,501.3905995,1.345370839,3.400710145,157.4030194,0.809088344,0.708624012
925,D,11,H,1,95,97,488.9831916,1.354327152,3.405985507,136.9396673,1.810504384,1.703351095
925,D,11,H,1,144,146,457.6408568,1.347981343,3.424588235,157.868352,1.812423844,1.710066106
925,D,11,H,2,18,20,513.4963704,1.351855477,3.432,164.6400445,1.81149995,1.701518346
925,D,11,H,2,48,50,512.9408507,1.35372951,3.4425,152.3769877,0.807235143,0.696908924
925,D,11,H,2,73,75,539.1752314,1.353686531,3.45227027,156.8391472,0.804735185,0.700961066
925,D,11,H,2,107,109,521.3338083,1.351387412,3.463241379,158.5443532,1.805569572,1.709523981
925,D,11,H,3,19,21,488.0438793,1.34740084,3.485278481,155.1746005,0.809095655,0.709593032
925,D,11,H,3,40,42,497.0563246,1.339098122,3.493253165,160.6471703,0.813525958,0.710040965
925,D,11,H,3,68,70,514.3136347,1.353237145,3.503886076,167.1676265,1.823173364,1.699772556
925,D,11,H,3,98,100,506.6545601,1.355557521,3.514935484,160.6666886,1.811745523,1.702892205
925,D,11,H,4,25,27,507.6434551,1.35492619,3.5395,161.866806,0.808788997,0.698700166
925,D,11,H,4,68,70,503.9349927,1.347060451,3.554344828,155.4004367,0.802163419,0.708128099
925,D,11,H,4,120,122,459.8195677,1.353815496,3.572262295,155.4696467,1.810567909,1.697304532
925,D,11,H,5,19,21,520.1639807,1.352601498,3.5889,170.0156891,1.823529845,1.696064157
925,D,11,H,5,73,75,480.9886612,1.350415822,3.60645,148.7451604,0.804533896,0.699362953
925,D,11,H,5,132,134,481.5202329,1.342553352,3.62577551,160.8780471,0.812995053,0.707086176
925,D,11,H,6,8,10,517.4575907,1.360164231,3.635326531,157.8723249,1.811499319,1.697689543
925,D,11,H,6,28,30,493.9426988,1.356975054,3.642846154,157.6996891,0.810183864,0.699498679
925,D,11,H,6,68,70,518.8904323,1.351109792,3.656172414,162.6550115,0.807254381,0.705082064
925,D,11,H,6,121,123,489.5618123,1.352598933,3.672011494,156.582401,1.805632625,1.696111042
925,D,11,H,7,12,14,563.9219186,1.353595553,3.6863125,160.4838261,0.809013585,0.702290497
925,D,12,H,2,89,91,549.7322518,1.358300978,3.803965517,162.4122753,0.813310553,0.703340498
925,D,12,H,2,132,134,544.3385217,1.350844708,3.81625,165.9453263,0.815788965,0.700322386
925,D,12,H,3,8,10,500.1767277,1.348426961,3.823923077,159.0442756,1.81196616,1.707258578
925,D,12,H,3,78,80,497.6309284,1.354794994,3.843820513,161.4202899,1.817712795,1.706181118
925,D,12,H,3,116,118,506.9871955,1.348137439,3.855,158.1204705,0.810745136,0.704434105
925,D,12,H,3,143,145,533.6549984,1.362649266,3.864052632,160.1799827,1.81177572,1.699090148
925,D,12,H,4,18,20,506.2774982,1.344407458,3.872605263,161.3747192,0.816338957,0.701789488
925,D,12,H,4,48,50,480.7857901,1.344697314,3.882666667,160.7587708,0.814141295,0.709732741
925,D,12,H,4,85,87,540.3795975,1.355667918,3.895,166.919199,1.813284504,1.699286244
925,D,12,H,4,115,117,510.3546442,1.351536474,3.905608696,165.1981609,0.816827283,0.699630561
925,D,12,H,4,148,150,513.6203328,1.349558473,3.917631579,155.1330059,0.810536303,0.700173979
925,D,12,H,5,25,27,533.7470958,1.349774902,3.925466667,168.6515478,1.812111227,1.703610985
925,D,12,H,5,38,40,491.7681494,1.338377186,3.92928,157.3369527,0.809254639,0.711829565
925,D,12,H,5,66,68,511.3289064,1.347079524,3.937493333,162.2928548,1.81051041,1.7050447
925,D,12,H,5,89,91,472.8826257,1.345172779,3.94424,158.6400126,0.807024824,0.709405331
925,D,12,H,6,12,14,495.3308859,1.353856846,3.963179487,158.8332928,0.812048848,0.69947465
925,D,12,H,6,43,45,487.8986484,1.355329424,3.972666667,153.936023,1.806077396,1.699410515
925,D,12,H,6,61,63,493.6148516,1.35416382,3.978666667,157.8480391,0.809352948,0.70403447
925,D,12,H,6,83,85,483.5238687,1.351089499,3.986,155.0911619,1.800890481,1.706572936
925,D,12,H,6,119,121,494.7661085,1.352335851,3.998,154.2445104,0.80377174,0.705142863
925,D,13,H,1,83,85,496.6280595,1.354925897,4.10084375,160.1842522,0.807863496,0.698641131
925,D,13,H,1,114,116,510.2144483,1.355665514,4.110444444,162.2332778,1.811491052,1.699643917
925,D,13,H,2,113,115,490.4381681,1.354847316,4.160708333,155.7127906,0.815537078,0.707675014
925,D,13,H,2,142,144,499.0542729,1.350245681,4.167555556,163.0876825,1.816020073,1.712225705
925,D,13,H,3,22,24,511.0878442,1.351690047,4.174638889,161.3804659,1.813274303,1.710771684
925,D,13,H,3,73,75,492.3534054,1.3434173,4.189869565,153.1768712,0.804864582,0.707980323
925,D,13,H,3,112,114,485.2805762,1.351627562,4.199078431,157.5867123,1.811865262,1.703484998
925,D,13,H,3,136,138,482.7103741,1.347681599,4.204254902,158.5487003,0.812671113,0.709261504
925,D,13,H,4,13,15,532.0319657,1.356750142,4.210527778,156.2852404,1.812254389,1.70426133
925,D,13,H,4,79,81,462.1264116,1.348562135,4.231869565,153.9319361,0.806444472,0.705945532
925,D,13,H,4,100,102,508.7096176,1.35726393,4.241,159.5095595,1.811715968,1.704399518
925,D,13,H,4,137,139,523.9607944,1.358878156,4.251435897,157.5675495,1.809099713,1.704217468
925,D,13,H,5,29,31,471.0872918,1.353078804,4.270666667,163.9563831,0.822951589,0.708232961
925,D,13,H,5,67,69,469.7493902,1.35258111,4.285947368,154.4754043,0.814505482,0.698538053
925,D,13,H,5,93,95,419.3306149,1.342883375,4.295982456,149.2893009,1.799452974,1.706366856
925,D,13,H,5,123,125,456.4964752,1.34841148,4.30525,156.449526,1.80749491,1.702650076
925,D,13,H,5,143,145,516.8876414,1.359315135,4.31025,159.1816726,1.808931236,1.704930499
925,D,13,H,6,23,25,445.0039412,1.355674472,4.316542373,152.3413468,1.800520955,1.69736287
925,D,13,H,6,43,45,475.9088207,1.352053385,4.320271186,156.7342436,1.810380307,1.707425296
925,D,13,H,6,73,75,474.952806,1.360021489,4.328347826,159.4440848,1.807056964,1.697001702
925,D,13,H,6,88,90,502.1009134,1.359249091,4.335157895,162.139763,1.80939285,1.699479961
925,D,13,H,6,112,114,434.7956563,1.350852339,4.347258065,155.8283261,1.816817943,1.70168757
925,D,13,H,7,4,6,499.2118112,1.352674119,4.360210526,157.2273942,1.814356955,1.704408409
925,D,14,H,3,94,96,473.3905626,1.349706809,4.572358974,163.5013032,1.822541579,1.704256857
925,D,14,H,3,112,114,433.0633818,1.339597365,4.577435897,155.2415699,1.810868439,1.704905715
925,D,14,H,3,128,130,426.4590333,1.34334322,4.583,156.7038621,1.822837051,1.706917442
925,D,14,H,4,36,38,412.629385,1.342621464,4.602243243,155.3762865,1.827175007,1.712767759
925,D,14,H,4,71,73,444.0310003,1.352322243,4.614607843,158.6775617,1.818182915,1.705445057
925,D,14,H,4,91,93,424.6744804,1.348858528,4.623627451,158.4842532,1.810920762,1.699409037
925,D,14,H,5,31,33,462.1017519,1.354056659,4.659222222,159.7758208,1.81848443,1.704148151
925,D,14,H,5,55,57,496.1518459,1.349416827,4.669888889,164.8467101,1.822404819,1.707947625
925,D,14,H,5,78,80,383.5618134,1.337364023,4.680111111,149.7534738,0.823912515,0.713611482
925,D,14,H,5,89,91,446.4112698,1.34361816,4.685108696,159.3474111,1.821703882,1.710726714
925,D,14,H,5,108,110,458.0855828,1.35142668,4.693782609,156.7479191,0.814901427,0.707225265
925,D,14,H,5,140,142,423.1790589,1.347739976,4.707833333,160.025096,1.82276999,1.708063637
925,D,14,H,6,22,24,438.7819695,1.341544436,4.721166667,160.6788032,1.82052237,1.708429671
925,D,14,H,6,68,70,422.4832754,1.343066812,4.7382,156.9530161,1.818857549,1.699685616
925,D,14,H,6,109,111,446.6876059,1.346449902,4.752850746,159.9766736,1.821884766,1.705910403
925,D,14,H,7,14,16,448.1974877,1.336495685,4.773316667,155.5242293,1.820939364,1.708067878
925,D,15,H,2,40,42,488.6070561,1.344283183,4.922596774,157.9105981,1.817268669,1.715500314
925,D,15,H,2,85,87,433.0398013,1.33976395,4.935861538,155.6357963,1.817261511,1.706184777
925,D,15,H,3,30,32,450.6316396,1.34788992,4.969323077,161.1310819,1.822634106,1.711386642
925,D,15,H,3,65,67,465.1858652,1.343067193,4.982246154,159.7720675,1.820211563,1.715713784
925,D,15,H,3,115,117,463.3177553,1.346622216,5.000707692,158.7572843,1.814761827,1.71016897
